,City,Max Temp (F),Humidity (%),Cloudiness (%),Wind Speed (mph),Lat,Lon,Country,Date
0,nampula,78.75,53,40,9.22,-15.1165,39.2666,MZ,1651674304
1,albany,51.64,91,100,1.99,42.6001,-73.9662,US,1651674194
2,chokurdakh,11.57,94,100,3.09,70.6333,147.9167,RU,1651674305
3,port augusta,54,63,19,12.71,-32.5,137.7667,AU,1651674305
4,komsomolskiy,72.32,60,75,9.22,40.4272,71.7189,UZ,1651673834
5,punta arenas,41.11,87,75,9.22,-53.15,-70.9167,CL,1651674306
6,tabuk,75.9,90,100,1.43,17.4189,121.4443,PH,1651674306
7,isangel,76.73,81,0,3.33,-19.55,169.2667,VU,1651673833
8,halifax,58.51,72,75,11.5,44.6453,-63.5724,CA,1651674054
9,mataura,44.47,94,4,2.48,-46.1927,168.8643,NZ,1651674307
10,yulara,58.84,58,0,11.5,-25.2406,130.9889,AU,1651673789
11,hermanus,73.8,66,15,7.96,-34.4187,19.2345,ZA,1651674308
12,ushuaia,42.42,70,40,16.11,-54.8,-68.3,AR,1651673625
13,boguchany,31.69,84,8,4.14,58.3814,97.4531,RU,1651674308
14,puerto escondido,81.43,83,40,0,15.85,-97.0667,MX,1651673738
15,kaitangata,50.41,88,69,3.56,-46.2817,169.8464,NZ,1651673808
16,zbarazh,55.11,60,75,10.87,49.6636,25.7762,UA,1651674309
17,neuquen,58.89,55,0,6.91,-38.9516,-68.0591,AR,1651674310
18,carnarvon,69.87,73,12,8.05,-24.8667,113.6333,AU,1651674310
19,hobart,48.06,87,87,5.75,-42.8794,147.3294,AU,1651674095
20,east london,72.54,78,0,5.75,-33.0153,27.9116,ZA,1651673845
21,dourbali,105.8,19,7,0.98,11.8091,15.8632,TD,1651674311
22,richards bay,74.68,70,0,11.36,-28.783,32.0377,ZA,1651673840
23,fort-shevchenko,62.55,51,7,16.75,44.5086,50.263,KZ,1651673930
24,ginda,65.8,53,99,5.88,30.6945,78.4932,IN,1651673847
25,tasiilaq,28.56,70,99,9.66,65.6145,-37.6368,GL,1651673722
26,arraial do cabo,87.66,55,20,12.66,-22.9661,-42.0278,BR,1651673747
27,suntar,29.05,93,77,4.56,62.1444,117.6319,RU,1651674312
28,lasa,57.69,97,100,4.63,46.6166,10.7002,IT,1651673905
29,luena,72.19,60,100,4.45,-11.7833,19.9167,AO,1651674313
30,atlantic city,58.01,92,100,0,39.3643,-74.4229,US,1651674265
31,aldergrove,46.89,95,100,4.61,49.058,-122.4709,CA,1651674283
32,mar del plata,59.95,60,0,15.01,-38.0023,-57.5575,AR,1651674314
33,comodoro rivadavia,60.66,51,0,20.71,-45.8667,-67.5,AR,1651674314
34,kenai,36.14,94,75,5.75,60.5544,-151.2583,US,1651674315
35,atuona,78.6,74,77,17.4,-9.8,-139.0333,PF,1651674315
36,cidreira,67.87,87,98,18.92,-30.1811,-50.2056,BR,1651674316
37,hasaki,55.8,75,100,10.69,35.7333,140.8333,JP,1651673745
38,lata,78.08,36,2,9.48,40.1629,-8.3327,PT,1651674316
39,cam ranh,78.76,83,40,17.27,11.9214,109.1591,VN,1651674317
40,gemena,83.71,61,100,1.34,3.25,19.7667,CD,1651674317
41,qaanaaq,21.6,74,21,3.8,77.484,-69.3632,GL,1651674317
42,valkeala,50.31,31,0,6.91,60.9401,26.7979,FI,1651674318
43,tiksi,4.66,94,19,4.52,71.6872,128.8694,RU,1651674318
44,kahului,73.85,84,100,12.66,20.8947,-156.47,US,1651674319
45,lagoa,62.49,83,100,9.04,39.05,-27.9833,PT,1651673762
46,grindavik,39.15,60,75,6.91,63.8424,-22.4338,IS,1651673817
47,uige,84.15,49,50,6.58,-7.6087,15.0613,AO,1651673923
48,mnogovershinnyy,28.44,89,54,5.57,53.9353,139.9242,RU,1651674320
49,bogorodskoye,43.29,49,82,13.91,56.55,37.8833,RU,1651674320
50,akyab,84.31,63,3,3.76,20.15,92.9,MM,1651674321
51,paamiut,27.59,69,6,12.57,61.994,-49.6678,GL,1651673887
52,codrington,48.61,74,19,10.4,-38.2667,141.9667,AU,1651673749
53,yellowknife,36.12,93,100,17.27,62.456,-114.3525,CA,1651674322
54,san rafael,68.13,23,35,10.02,-34.6177,-68.3301,AR,1651674271
55,aklavik,23,80,100,10.36,68.2191,-135.0107,CA,1651673748
56,busselton,53.83,65,0,13.89,-33.65,115.3333,AU,1651674322
57,cabo san lucas,73.62,65,29,3,22.8909,-109.9124,MX,1651674204
58,maryborough,68.11,97,9,3.27,-25.5333,152.7,AU,1651674323
59,ust-kulom,42.28,61,49,8.34,61.6864,53.6902,RU,1651674324
60,vestmannaeyjar,41.99,60,0,17.27,63.4427,-20.2734,IS,1651673667
61,namibe,85.08,52,0,11.54,-15.1961,12.1522,AO,1651674324
62,naron,67.55,61,8,15.86,43.5167,-8.1528,ES,1651674148
63,mahibadhoo,84.16,68,100,16.96,3.7833,72.9667,MV,1651674325
64,vaini,73.56,88,20,4.61,-21.2,-175.2,TO,1651673772
65,rikitea,77.68,80,77,20.02,-23.1203,-134.9692,PF,1651674326
66,kapaa,71.92,92,100,16.11,22.0752,-159.319,US,1651674326
67,barrow,15.82,86,100,13.8,71.2906,-156.7887,US,1651673761
68,batemans bay,63.1,93,83,4.52,-35.7167,150.1833,AU,1651674327
69,maumere,80.91,80,42,7.27,-8.6199,122.2111,ID,1651674327
70,kruisfontein,70.88,68,2,9.31,-34.0033,24.7314,ZA,1651674328
71,kattivakkam,89.69,86,54,9.37,13.2167,80.3167,IN,1651673850
72,bethel,51.51,93,100,5.17,41.3712,-73.414,US,1651673747
73,luderitz,73.96,49,5,5.66,-26.6481,15.1594,NA,1651673780
74,bluff,44.8,85,1,6.46,-46.6,168.3333,NZ,1651674329
75,urdoma,38.12,68,100,8.93,61.7533,48.5442,RU,1651674329
76,kodiak,42.31,81,100,4.61,57.79,-152.4072,US,1651673734
77,port shepstone,72.28,77,7,14.54,-30.7414,30.455,ZA,1651674330
78,seoul,58.57,47,0,3.44,37.5683,126.9778,KR,1651673668
79,manzanillo,82.15,56,9,3.53,20.3433,-77.1167,CU,1651674330
80,pacific grove,51.91,91,0,11.01,36.6177,-121.9166,US,1651674120
81,ribeira grande,64.8,82,40,9.22,38.5167,-28.7,PT,1651673741
82,berlevag,24.6,63,100,19.69,70.8578,29.0864,NO,1651673808
83,faya,75.72,31,54,4.9,18.3851,42.4509,SA,1651673764
84,iqaluit,8.33,66,20,21.85,63.7506,-68.5145,CA,1651673744
85,zhanaozen,71.67,24,100,3.38,43.3,52.8,KZ,1651674332
86,birao,99.99,25,92,7.61,10.2849,22.7882,CF,1651674332
87,sola,82,74,100,7.02,-13.8833,167.55,VU,1651674333
88,hilo,73.27,95,100,3,19.7297,-155.09,US,1651673746
89,antofagasta,61.88,63,19,1.9,-23.65,-70.4,CL,1651674152
90,spencer,50.52,74,75,0,43.1414,-95.1444,US,1651674333
91,boende,90.03,50,83,1.34,-0.2167,20.8667,CD,1651673792
92,puerto ayora,75.16,82,52,6.87,-0.7393,-90.3518,EC,1651674334
93,muros,71.69,47,15,14.97,42.7762,-9.0603,ES,1651674334
94,porto nacional,86,52,38,3.71,-10.7081,-48.4172,BR,1651674335
95,salym,56.3,40,25,11.5,60.0625,71.4789,RU,1651674335
96,nanortalik,32.58,85,76,11.56,60.1432,-45.2371,GL,1651673842
97,cayenne,82.44,78,75,4.61,4.9333,-52.3333,GF,1651673910
98,dukat,13.14,97,71,4.7,62.55,155.55,RU,1651674336
99,santa cecilia,51.48,97,78,6.6,-26.9608,-50.4269,BR,1651674337
100,saint-philippe,72.99,85,49,14.41,-21.3585,55.7679,RE,1651674337
101,avarua,75.25,100,75,2.3,-21.2078,-159.775,CK,1651674202
102,srednekolymsk,29.12,99,100,0.22,67.45,153.6833,RU,1651674338
103,constitucion,58.69,67,100,3.04,-35.3333,-72.4167,CL,1651673899
104,thompson,21.36,86,100,9.22,55.7435,-97.8558,CA,1651673753
105,longyearbyen,17.44,62,20,3.44,78.2186,15.6401,SJ,1651674338
106,tiarei,77.02,80,99,13.58,-17.5333,-149.3333,PF,1651674339
107,erzin,68.23,73,25,10.6,36.9559,36.2,TR,1651673774
108,saskylakh,21.7,94,100,6.13,71.9167,114.0833,RU,1651674339
109,katsuura,63.57,76,97,17.36,35.1333,140.3,JP,1651674340
110,cherskiy,31.35,99,100,5.26,68.75,161.3,RU,1651674340
111,raymond,49.08,90,100,3.42,43.9015,-70.4703,US,1651674341
112,castro,56.34,73,57,11.25,-24.7911,-50.0119,BR,1651674341
113,vakhrushev,33.44,92,37,0.94,48.9833,142.9667,RU,1651674342
114,new norfolk,47.7,75,53,2.1,-42.7826,147.0587,AU,1651674342
115,karratha,83.17,46,8,6.31,-20.7377,116.8463,AU,1651674342
116,santa flavia,72.77,45,10,8.01,38.085,13.5351,IT,1651674343
117,malazgirt,60.98,57,86,6.33,39.1427,42.5401,TR,1651674343
118,vila velha,89.55,61,0,12.66,-20.3297,-40.2925,BR,1651673820
119,kerewan,99.59,16,41,7.63,13.4898,-16.0888,GM,1651674344
120,ambilobe,79.3,77,89,2.24,-13.2,49.05,MG,1651674344
121,black river,85.23,57,3,9.42,18.0264,-77.8487,JM,1651674345
122,kribi,78.89,85,100,5.08,2.95,9.9167,CM,1651673889
123,san andres,84.22,79,40,13.8,12.5847,-81.7006,CO,1651674345
124,tazovskiy,33.26,98,100,17.6,67.4667,78.7,RU,1651674346
125,ust-nera,17.35,93,89,2.42,64.5667,143.2,RU,1651674346
126,san carlos,89.35,47,99,5.21,9.6612,-68.5827,VE,1651673838
127,takoradi,85.62,67,75,10.29,4.8845,-1.7554,GH,1651673786
128,torbay,42.89,90,100,11.5,47.6666,-52.7314,CA,1651673807
129,severo-kurilsk,34.18,89,100,5.03,50.6789,156.125,RU,1651673769
130,norman wells,39.24,75,100,5.75,65.282,-126.8329,CA,1651673810
131,melville,53.98,86,100,3.44,40.7934,-73.4151,US,1651674347
132,shimoda,62.1,83,96,12.53,34.6667,138.95,JP,1651674348
133,montego bay,85.78,74,75,16.11,18.4712,-77.9188,JM,1651674348
134,alofi,75.09,78,8,5.75,-19.0595,-169.9187,NU,1651673924
135,kencong,77.52,91,100,2.08,-8.2833,113.3667,ID,1651674349
136,port alfred,72.18,79,0,1.01,-33.5906,26.891,ZA,1651674349
137,carutapera,85.28,67,20,5.48,-1.195,-46.02,BR,1651674350
138,guerrero negro,57.78,78,0,10.02,27.9769,-114.0611,MX,1651673856
139,bredasdorp,71.51,61,15,9.04,-34.5322,20.0403,ZA,1651673775
140,linxia,64.26,25,2,6.24,35.6003,103.2064,CN,1651673801
141,enumclaw,46.81,95,99,0.69,47.2043,-121.9915,US,1651674350
142,felipe carrillo puerto,79.97,87,98,5.12,19.5833,-88.05,MX,1651674351
143,saldanha,63.3,78,76,7.65,-33.0117,17.9442,ZA,1651673751
144,leningradskiy,3.29,96,66,6.22,69.3833,178.4167,RU,1651674352
145,dikson,11.34,83,88,11.99,73.5069,80.5464,RU,1651674352
146,vao,75.25,75,2,12.06,-22.6667,167.4833,NC,1651674353
147,huaiyuan,68.2,41,0,8.68,32.973,117.1995,CN,1651674353
148,newport,65.77,75,91,12.33,51.5877,-2.9984,GB,1651673712
149,ambon,80.74,89,40,3.44,-3.6954,128.1814,ID,1651674354
150,ponta do sol,71.01,62,46,2.19,32.6667,-17.1,PT,1651674354
151,marzuq,88.32,23,38,15.73,14.4,46.4667,YE,1651674355
152,tautira,81.46,76,99,12.8,-17.7333,-149.15,PF,1651673826
153,dingle,79.36,78,77,7.11,10.9995,122.6711,PH,1651674355
154,nanakuli,72.1,78,0,4.61,21.3906,-158.1547,US,1651674356
155,calvinia,81.07,15,4,13.11,-31.4707,19.776,ZA,1651674357
156,padang,78.85,84,100,4.54,-0.9492,100.3543,ID,1651673790
157,porto santo,64.78,68,75,17.27,33.072,-16.3415,PT,1651674357
158,micheweni,81.09,75,46,14.97,-4.9667,39.8333,TZ,1651674358
159,tomatlan,75.16,50,41,2.33,19.9333,-105.25,MX,1651674358
160,bontang,79.16,88,100,5.14,0.1333,117.5,ID,1651673827
161,ancud,54.5,98,100,10.56,-41.8697,-73.8203,CL,1651673787
162,sorland,37.26,81,100,16.11,67.667,12.6934,NO,1651674359
163,san patricio,82.83,76,24,17.74,28.017,-97.5169,US,1651673866
164,moranbah,71.94,75,83,9.01,-22.0016,148.0466,AU,1651674359
165,desna,54.54,35,12,15.79,50.9273,30.7605,UA,1651674360
166,grand gaube,79.38,72,7,8.99,-20.0064,57.6608,MU,1651673768
167,mahebourg,79.25,78,75,12.66,-20.4081,57.7,MU,1651673791
168,evans,79,58,0,4.61,33.5337,-82.1307,US,1651674361
169,caravelas,85.77,53,0,8.41,-17.7125,-39.2481,BR,1651674361
170,gedo,76.41,24,99,5.79,9.0167,37.45,ET,1651674362
171,airai,59.76,92,56,3.24,-8.9266,125.4092,TL,1651674362
172,nikolskoye,44.49,47,77,10.87,59.7035,30.7861,RU,1651673773
173,khani,49.57,95,100,4.27,41.9563,42.9566,GE,1651674363
174,cairns,73.35,93,5,3.44,-16.9167,145.7667,AU,1651674322
175,motala,58.32,52,100,7.78,58.5371,15.0365,SE,1651674363
176,hami,84.11,17,43,11.07,42.8,93.45,CN,1651674364
177,butaritari,80.33,80,49,10.87,3.0707,172.7902,KI,1651674364
178,adrar,96.12,11,6,5.77,20.5022,-10.0711,MR,1651673863
179,sitka,42.69,75,100,11.5,57.0531,-135.33,US,1651674213
180,port blair,83.52,76,100,9.22,11.6667,92.75,IN,1651674365
181,pandan,79.39,84,90,7.49,14.0453,124.1694,PH,1651674366
182,souillac,79.18,78,75,12.66,-20.5167,57.5167,MU,1651673821
183,narsaq,39.42,57,19,4,60.9167,-46.05,GL,1651673860
184,salalah,87.89,74,0,5.75,17.0151,54.0924,OM,1651673821
185,itacarambi,91.72,27,0,4.34,-15.1022,-44.0919,BR,1651674366
186,coquimbo,51.53,100,100,3.44,-29.9533,-71.3436,CL,1651674367
187,arkhangelskoye,43.16,44,100,13.27,55.8549,35.3287,RU,1651674367
188,ahipara,59.56,90,31,7.36,-35.1667,173.1667,NZ,1651673878
189,saint-paul,75.36,77,35,2.1,-21.0096,55.2707,RE,1651674368
190,clyde river,19.63,68,100,3.44,70.4692,-68.5914,CA,1651674369
191,kysyl-syr,30.15,95,100,4.59,63.8986,122.7617,RU,1651674369
192,krasnokamensk,53.76,17,100,11.95,50.0979,118.0369,RU,1651674370
193,lorengau,82.06,79,88,2.64,-2.0226,147.2712,PG,1651674370
194,kitzbuhel,66.74,56,99,2.28,47.4464,12.3922,AT,1651674371
195,namatanai,80.38,82,87,7.07,-3.6667,152.4333,PG,1651673859
196,billings,50.5,83,20,6.91,45.7833,-108.5007,US,1651674101
197,oshakati,81.5,22,0,8.48,-17.7833,15.6833,NA,1651674371
198,luau,77.59,58,76,2.57,-10.7073,22.2247,AO,1651674372
199,saint-augustin,42.28,73,100,8.84,51.226,-58.6502,CA,1651673891
200,saint george,56.62,37,0,4.61,37.1041,-113.5841,US,1651674179
201,nchelenge,78.48,59,56,2.48,-9.3451,28.734,ZM,1651674372
202,jamestown,49.64,95,100,13.8,42.097,-79.2353,US,1651674161
203,bengkulu,76.24,89,100,4.72,-3.8004,102.2655,ID,1651674373
204,progreso,83.1,73,3,10.4,21.2833,-89.6667,MX,1651674373
205,okhotsk,31.57,91,78,10.22,59.3833,143.3,RU,1651674374
206,port elizabeth,73.09,78,20,6.91,-33.918,25.5701,ZA,1651674374
207,hof,64.31,57,40,8.99,50.3167,11.9167,DE,1651674375
208,tombouctou,103.23,7,100,7.99,20,-3,ML,1651674375
209,piacabucu,84.36,67,50,10.38,-10.4056,-36.4344,BR,1651674376
210,uray,57.06,42,100,15.55,60.1247,64.7758,RU,1651674376
211,uruacu,88.57,40,1,2.95,-14.5247,-49.1408,BR,1651674377
212,makakilo city,70.68,80,0,10.36,21.3469,-158.0858,US,1651674377
213,cape town,72.27,71,0,11.5,-33.9258,18.4232,ZA,1651674360
214,el alto,71.26,65,62,12.53,-4.2714,-81.2147,PE,1651674378
215,port hedland,80.65,34,56,10.36,-20.3167,118.5667,AU,1651673790
216,lebu,56.46,81,100,14.12,-37.6167,-73.65,CL,1651674378
217,marsh harbour,77.79,77,100,9.28,26.5412,-77.0636,BS,1651674379
218,novyye lyady,42.04,64,100,13.98,58.0536,56.6039,RU,1651674379
219,rameswaram,85.71,80,100,22.84,9.2833,79.3,IN,1651674380
220,salinopolis,80.24,82,81,1.43,-0.6136,-47.3561,BR,1651674380
221,redmond,49.05,86,100,0.96,47.674,-122.1215,US,1651674141
222,lubango,73.42,34,9,5.19,-14.9172,13.4925,AO,1651674381
223,winnemucca,39.25,70,0,6.91,40.973,-117.7357,US,1651674253
224,cap malheureux,78.48,74,7,7,-19.9842,57.6142,MU,1651674381
225,buala,79.93,72,6,3.96,-8.145,159.5921,SB,1651673929
226,goderich,50.32,81,100,12.66,43.7501,-81.7165,CA,1651674283
227,songkhla,77.05,93,100,0.92,6.8333,100.6667,TH,1651674382
228,beni mazar,85.32,18,5,14.97,28.4962,30.8029,EG,1651674383
229,tukrah,67.89,50,0,9.19,32.5341,20.5791,LY,1651673886
230,klaksvik,47.32,93,46,29.17,62.2266,-6.589,FO,1651673800
231,upernavik,9.39,92,81,5.53,72.7868,-56.1549,GL,1651674383
232,northam,59.67,82,64,11.21,51.0333,-4.2167,GB,1651674273
233,dossor,66.49,21,52,12.75,47.5272,52.9811,KZ,1651674384
234,geraldton,64.81,48,35,8.05,-28.7667,114.6,AU,1651673788
235,chateaubelair,81.12,74,75,16.11,13.2833,-61.25,VC,1651674384
236,pevek,6.17,91,99,4.72,69.7008,170.3133,RU,1651673855
237,khatanga,19.85,96,100,4.54,71.9667,102.5,RU,1651673829
238,bangassou,89.78,50,95,0.85,4.7413,22.8184,CF,1651674385
239,biak,78.19,84,100,1.77,-0.9131,122.8766,ID,1651674386
240,kisaran,76.84,94,100,0.94,2.9845,99.6158,ID,1651674386
241,lazaro cardenas,78.53,68,100,3.67,17.9583,-102.2,MX,1651674386
242,margate,56.7,81,100,3,51.3813,1.3862,GB,1651673899
243,makaha,72.05,77,100,3.44,21.4694,-158.2175,US,1651674387
244,san jose,59.22,70,20,1.99,37.3394,-121.895,US,1651674364
245,sioux lookout,41.07,56,40,6.91,50.1001,-91.917,CA,1651673714
246,swan hill,49.62,65,9,7.2,-35.3378,143.5544,AU,1651674388
247,alice springs,65.75,45,40,11.5,-23.7,133.8833,AU,1651674207
248,singleton,61.99,88,94,1.01,-32.5667,151.1833,AU,1651674388
249,byron bay,64.94,89,17,6.08,-28.65,153.6167,AU,1651674389
250,victoria,79.18,77,13,10,22.2855,114.1577,HK,1651674167
251,cosala,73.22,33,5,0.56,24.4125,-106.6908,MX,1651674389
252,husavik,34.72,78,91,4.56,66.0449,-17.3389,IS,1651674390
253,honningsvag,29.95,74,75,12.66,70.9821,25.9704,NO,1651674390
254,kualakapuas,76.15,96,100,1.68,-3.0091,114.3876,ID,1651674391
255,sibu,77.31,94,40,2.3,2.3,111.8167,MY,1651673869
256,boffa,95.5,40,64,10.56,10.1667,-14.0333,GN,1651674391
257,nome,24.87,75,0,0,64.5011,-165.4064,US,1651674392
258,tsabong,77.02,28,0,3.24,-26.0217,22.401,BW,1651674392
259,alberton,50.13,67,100,11.99,46.8168,-64.0654,CA,1651674393
260,mayo,62.4,94,100,9.22,38.8876,-76.5119,US,1651673921
261,srinagar,56.1,88,100,4.99,34.0833,74.8167,IN,1651674393
262,nova praha,60.17,64,100,13.62,48.5682,32.9027,UA,1651674394
263,tyumentsevo,50.88,30,100,9.55,53.3224,81.498,RU,1651674394
264,houston,81.25,78,100,13.8,29.7633,-95.3633,US,1651673597
265,pocoes,83.39,43,3,5.08,-14.5297,-40.3653,BR,1651674358
266,rorvik,44.71,49,0,10.36,64.8621,11.2373,NO,1651674395
267,zonguldak,49.05,87,99,4.14,41.25,31.8333,TR,1651674396
268,esso,24.51,93,83,3.58,55.9333,158.7,RU,1651674396
269,arinos,91.38,27,0,3.44,-15.9169,-46.1056,BR,1651674396
270,zaraza,90.27,44,68,7.29,9.3503,-65.3245,VE,1651674397
271,uyar,36.72,64,11,4.03,55.81,94.3153,RU,1651674397
272,praia,81.14,54,20,21.85,14.9215,-23.5087,CV,1651674398
273,ochamchira,61.02,68,95,6.87,42.7121,41.4721,GE,1651674398
274,ornes,36.55,78,100,1.54,66.8689,13.7078,NO,1651674399
275,samarai,81.14,81,15,6.64,-10.6167,150.6667,PG,1651674399
276,uthal,85.69,55,0,12.1,25.8072,66.6219,PK,1651674400
277,dinhata,82.22,58,0,5.28,26.1333,89.4667,IN,1651674363
278,hobbs,70.81,85,0,8.05,32.7026,-103.136,US,1651674400
279,avera,77.56,65,100,5.86,33.194,-82.5271,US,1651674401
280,praia da vitoria,66.76,88,75,12.75,38.7333,-27.0667,PT,1651674401
281,parana,65.57,68,0,5.01,-31.732,-60.5238,AR,1651674401
282,chuy,66.11,68,29,7.47,-33.6971,-53.4616,UY,1651674402
283,pangnirtung,10.4,85,75,6.91,66.1451,-65.7125,CA,1651674402
284,moa,82.81,74,14,11.07,20.6569,-74.9403,CU,1651674403
285,kasganj,99.05,17,43,10.16,27.8167,78.65,IN,1651674403
286,bucerias,74.98,83,0,3.44,20.75,-105.3333,MX,1651674390
287,beidao,59.86,71,21,6.17,34.5686,105.8933,CN,1651674404
288,coahuayana,79.05,31,83,1.59,18.7333,-103.6833,MX,1651674404
289,poco verde,85.71,54,76,7.94,-10.7083,-38.1833,BR,1651674405
290,acapulco,76.82,73,100,5.75,16.8634,-99.8901,MX,1651674405
291,poso,78.87,89,100,4.29,-1.3959,120.7524,ID,1651673931
292,ponta delgada,65.12,72,40,9.22,37.7333,-25.6667,PT,1651674406
293,altamont,43.79,86,20,1.99,42.2068,-121.7372,US,1651674305
294,ntcheu,66.96,69,95,3.56,-14.8203,34.6359,MW,1651674407
295,vanavara,28.98,78,20,10.13,60.34,102.2797,RU,1651674407
296,trinidad,69.78,60,75,9.22,-14.8333,-64.9,BO,1651674408
297,villarrica,57.94,84,100,6.02,-25.75,-56.4333,PY,1651674408
298,vostok,38.59,93,100,6.04,46.4856,135.8833,RU,1651673830
299,bathsheba,81.21,78,75,18.41,13.2167,-59.5167,BB,1651674409
300,ilulissat,17.62,67,75,11.5,69.2167,-51.1,GL,1651674409
301,tandalti,104.18,19,90,3.24,13.0167,31.8667,SD,1651674410
302,port keats,80.08,68,0,1.3,-14.25,129.55,AU,1651674410
303,betioky,83.86,34,7,5.64,-23.7167,44.3833,MG,1651674410
304,kosa,42.03,82,100,4.7,59.9445,54.9977,RU,1651674411
305,moussoro,107.11,16,0,2.13,13.6408,16.4901,TD,1651674411
306,pontes e lacerda,69.48,55,94,8.93,-15.2261,-59.3353,BR,1651674412
307,paka,82.33,89,100,0,4.6374,103.4368,MY,1651674412
308,qasigiannguit,17.85,81,100,9.66,68.8193,-51.1922,GL,1651674413
309,georgetown,85.95,79,20,3.44,5.4112,100.3354,MY,1651674179
310,haines junction,31.95,80,100,1.14,60.7522,-137.5108,CA,1651674413
311,placido de castro,69.53,77,100,5.95,-10.3353,-67.1856,BR,1651674414
312,sakakah,94.57,13,74,18.68,29.9697,40.2064,SA,1651674414
313,griffith,48.13,88,100,17.27,41.5284,-87.4237,US,1651674415
314,villazon,48.51,31,0,3.87,-22.0866,-65.5942,BO,1651674415
315,maragogi,84.11,70,18,10.96,-9.0122,-35.2225,BR,1651674416
316,labuhan,81.34,79,100,2.57,-6.8844,112.2051,ID,1651673868
317,pokrovsk,62.85,38,100,4.03,48.282,37.1758,UA,1651674416
318,shirokiy,46.54,73,100,17,49.758,129.523,RU,1651674417
319,nishihara,71.26,94,100,12.66,26.1842,127.7558,JP,1651674417
320,stornoway,53.92,71,75,17.27,58.2093,-6.3865,GB,1651674250
321,sychevka,43.48,44,100,16.26,55.8252,34.2736,RU,1651674418
322,koumac,76.01,87,25,2.86,-20.5667,164.2833,NC,1651674418
323,esperance,55.24,58,97,10.4,-33.8667,121.9,AU,1651674418
324,sao felix do xingu,86.85,62,96,0.51,-6.6447,-51.995,BR,1651674419
325,peniche,76.28,61,0,15.1,39.3558,-9.3811,PT,1651674420
326,parczew,61.41,48,51,9.08,51.6402,22.9006,PL,1651674420
327,raudeberg,45.95,73,100,25.52,61.9875,5.1352,NO,1651674420
328,dolores,57.79,51,0,7.96,-36.3132,-57.6792,AR,1651674421
329,flin flon,26.44,93,100,9.22,54.7682,-101.865,CA,1651673851
330,plouzane,62.78,57,75,14.97,48.3833,-4.6167,FR,1651674296
331,inhambane,75.11,66,99,7.87,-23.865,35.3833,MZ,1651674422
332,dakar,86.88,73,75,9.22,14.6937,-17.4441,SN,1651674422
333,kalmunai,83.08,79,15,6.64,7.4167,81.8167,LK,1651674423
334,tungor,26.13,96,13,6.06,53.3808,142.9564,RU,1651674423
335,arawa,77.9,90,74,3.42,-6.2132,155.5367,PG,1651674424
336,taoudenni,103.19,8,61,12.19,22.6783,-3.9836,ML,1651674424
337,miguel calmon,84.27,50,57,6.58,-11.4289,-40.595,BR,1651674424
338,vardo,26.58,80,75,12.66,70.3705,31.1107,NO,1651673874
339,petropavlovsk-kamchatskiy,27.19,86,0,4.47,53.0452,158.6483,RU,1651673826
340,eyl,87.64,67,34,8.03,7.9803,49.8164,SO,1651674425
341,vila,67.08,40,70,4.92,42.0304,-8.1588,PT,1651674426
342,savannah bight,81.72,81,88,18.52,16.45,-85.85,HN,1651674426
343,tuktoyaktuk,21.2,93,100,10.36,69.4541,-133.0374,CA,1651674427
344,imperial,68.99,17,0,5.91,33.0334,-115.4175,US,1651674361
345,dangriga,81.43,84,90,9.57,16.9692,-88.2321,BZ,1651674427
346,turukhansk,34.05,83,100,20.29,65.8167,87.9833,RU,1651673915
347,suileng,58.33,60,94,9.66,47.25,127.0833,CN,1651674428
348,kargil,48.65,48,100,6.49,34.5667,76.1,IN,1651674428
349,zhanakorgan,74.17,39,100,9.24,43.9098,67.2495,KZ,1651674429
350,robat karim,80.46,19,0,16.11,35.4846,51.0829,IR,1651674429
351,boshnyakovo,33.04,92,86,3.36,49.6333,142.1667,RU,1651674430
352,saint-raphael,80.98,59,2,3.15,19.4333,-72.2,HT,1651674430
353,port-gentil,80.56,83,20,4.61,-0.7193,8.7815,GA,1651674430
354,hualmay,67.37,82,72,4.21,-11.0964,-77.6139,PE,1651674431
355,fortuna,48.92,92,100,5.75,40.5982,-124.1573,US,1651673861
356,eydhafushi,84.56,74,100,17.78,5.1033,73.0708,MV,1651674432
357,kapoeta,88.43,40,100,11.92,4.7717,33.5903,SS,1651674432
358,calabozo,88.74,48,70,9.04,8.9242,-67.4293,VE,1651674432
359,provideniya,24.26,92,81,8.66,64.3833,-173.3,RU,1651674433
360,hofn,42.82,52,75,23.02,64.2539,-15.2082,IS,1651674433
361,grasse,66.94,59,65,6.91,43.6667,6.9167,FR,1651674434
362,shubarshi,62.37,48,66,10.22,48.5872,57.1869,KZ,1651674434
363,azare,100.71,20,100,4.12,11.6765,10.1948,NG,1651674435
364,marsa matruh,70,56,40,17.27,31.3525,27.2453,EG,1651674435
365,duluth,46.08,64,0,6.91,46.7833,-92.1066,US,1651674436
366,talnakh,25.21,95,98,8.3,69.4865,88.3972,RU,1651673870
367,sungaipenuh,65.91,95,100,1.63,-2.0833,101.3833,ID,1651674436
368,riyadh,104.14,7,5,6.62,24.6877,46.7219,SA,1651674180
369,tabou,86.45,65,13,8.84,4.423,-7.3528,CI,1651673857
370,cagliliog,78.17,84,89,6.04,13.9016,123.2913,PH,1651674437
371,kumluca,70.56,63,23,3.56,36.3703,30.2869,TR,1651674438
372,poum,77.86,81,4,6.44,-20.2333,164.0167,NC,1651674438
373,balakovo,63.45,38,12,13.89,52.0278,47.8007,RU,1651674176
374,pedasi,83.55,74,53,7.45,7.5333,-80.0333,PA,1651674439
375,tabory,59.02,35,97,11.74,58.5198,64.5495,RU,1651674439
376,nacala,77.59,72,100,8.9,-14.5428,40.6728,MZ,1651674440
377,namie,55.98,63,0,8.7,37.4833,141,JP,1651674440
378,bol,83.93,64,9,11.41,13.4586,14.7147,TD,1651674441
379,chimbote,66.34,83,64,4.36,-9.0853,-78.5783,PE,1651674314
380,reconquista,61.23,61,0,5.61,-29.15,-59.65,AR,1651674442
381,mount gambier,44.51,93,75,5.75,-37.8333,140.7667,AU,1651673848
382,beloha,74.75,66,0,14.54,-25.1667,45.05,MG,1651674442
383,shingu,57.76,79,100,5.93,33.7333,135.9833,JP,1651674443
384,aloleng,81.46,77,83,3.87,16.1307,119.7824,PH,1651674443
385,lavrentiya,24.4,90,99,7.94,65.5833,-171,RU,1651674444
386,paita,69.21,76,69,11.99,-5.0892,-81.1144,PE,1651674444
387,pitimbu,86.59,73,53,16.6,-7.4706,-34.8086,BR,1651674445
388,baykit,31.03,84,32,6.06,61.67,96.37,RU,1651673877
389,parrita,82.94,69,97,2.48,9.5201,-84.3225,CR,1651674445
390,nunchia,87.64,45,52,3.04,5.6406,-72.1986,CO,1651674446
391,presidencia roque saenz pena,62.76,56,0,3.53,-26.7852,-60.4388,AR,1651674446
392,viedma,66.04,40,25,10.29,-40.8135,-62.9967,AR,1651674447
393,portland,48.52,90,75,0,45.5234,-122.6762,US,1651674447
394,portsmouth,67.14,67,87,13,50.799,-1.0913,GB,1651674448
395,zhangjiakou,73.58,17,100,3.31,40.81,114.8794,CN,1651674448
396,las vegas,65.68,28,0,14.97,36.175,-115.1372,US,1651674388
397,arlit,107.22,6,23,7.34,18.7369,7.3853,NE,1651674449
398,ubauro,100.2,19,0,4.14,28.1652,69.7289,PK,1651674449
399,hailar,57.56,35,100,10.85,49.2,119.7,CN,1651674450
400,kemptville,54.7,93,100,6.91,45.0168,-75.641,CA,1651674450
401,boyolangu,76.6,92,98,2.3,-8.1181,111.8935,ID,1651674450
402,oktyabrskiy,58.03,57,94,14.92,54.4815,53.471,RU,1651674451
403,burayevo,56.91,58,100,18.59,55.8407,55.4083,RU,1651674451
404,mehamn,28.71,63,100,17.56,71.0357,27.8492,NO,1651674452
405,karasuk,54.61,30,100,6.67,53.7377,78.0403,RU,1651674452
406,tera,107.37,6,68,6.51,14.0078,0.7531,NE,1651674453
407,daru,80.67,76,100,9.8,-9.0763,143.2092,PG,1651674453
408,mombasa,80.02,74,95,16.53,-4.0547,39.6636,KE,1651674454
409,bay roberts,43.66,81,100,4,47.5999,-53.2648,CA,1651674454
410,puerto narino,73.44,99,100,2.39,-3.7703,-70.3831,CO,1651674454
411,along,67.62,87,65,1.21,28.1667,94.7667,IN,1651673909
412,hithadhoo,83.46,73,100,23.6,-0.6,73.0833,MV,1651674455
413,kavieng,82.89,77,50,9.06,-2.5744,150.7967,PG,1651674455
414,guisa,83.52,50,9,3.29,20.255,-76.5386,CU,1651674456
415,jinka,73.4,72,96,1.88,5.65,36.65,ET,1651674456
416,bambous virieux,79.05,78,75,12.66,-20.3428,57.7575,MU,1651674457
417,soe,66.49,92,17,4.14,-9.8607,124.284,ID,1651674457
418,asau,65.32,48,97,5.08,46.4333,26.4,RO,1651674458
419,mwingi,77.02,56,94,8.95,-0.9344,38.0601,KE,1651674458
420,kavaratti,85.96,70,89,13.94,10.5669,72.642,IN,1651674459
421,half moon bay,59.25,86,0,0,37.4636,-122.4286,US,1651674459
422,sao filipe,74.25,75,6,12.62,14.8961,-24.4956,CV,1651674460
423,tual,84.87,73,97,7.2,-5.6667,132.75,ID,1651674460
424,zhezkazgan,51.78,82,75,11.18,47.8043,67.7144,KZ,1651674460
425,dunedin,54.81,90,71,3.51,-45.8742,170.5036,NZ,1651673881
426,sao joao da barra,86.09,63,5,12.39,-21.6403,-41.0511,BR,1651674461
427,naze,68.92,69,100,17.4,28.3667,129.4833,JP,1651674461
428,tyrma,42.75,73,100,10.22,50.0833,132.1667,RU,1651674462
429,temerloh,77.52,90,100,1.45,3.4483,102.4176,MY,1651674463
430,katrineholm,61.74,24,100,8.23,58.9959,16.2072,SE,1651674427
431,ambulu,77.45,91,100,3.96,-8.345,113.6058,ID,1651674463
432,banjar,78.62,92,100,3.85,-8.19,114.9675,ID,1651674464
433,cravo norte,90.14,44,65,11.83,6.3017,-70.2041,CO,1651674464
434,beringovskiy,10.27,93,88,9.08,63.05,179.3167,RU,1651674464
435,sao bento do sul,61.18,98,90,5.86,-26.2503,-49.3786,BR,1651674465
436,novi ligure,68.27,62,100,3,44.7608,8.7896,IT,1651674465
437,sabha,91.4,11,0,14.79,27.0377,14.4283,LY,1651674466
438,mazagao,86.05,97,100,1.66,-0.115,-51.2894,BR,1651674466
439,burnie,43.95,91,1,5.77,-41.0667,145.9167,AU,1651674467
440,adre,102.29,14,11,5.48,13.4667,22.2,TD,1651674467
441,lerwick,48.2,94,93,13.78,60.1545,-1.1494,GB,1651674467
442,tuatapere,49.96,81,0,4.56,-46.1333,167.6833,NZ,1651674468
443,nadvoitsy,36.36,54,100,10.96,63.8667,34.3167,RU,1651674468
444,cantilan,77.45,92,91,3.98,9.3336,125.9775,PH,1651674469
445,saint-pierre,74.91,83,100,11.5,-21.3393,55.4781,RE,1651674469
446,touros,83.21,77,51,15.14,-5.1989,-35.4608,BR,1651674176
447,cativa,86.09,74,80,28.01,9.3606,-79.8436,PA,1651674470
448,sokolo,103.6,7,42,2.26,14.7328,-6.1219,ML,1651674470
449,gat,72.81,100,24,17.78,31.61,34.7642,IL,1651674421
450,tura,73.4,77,22,3.42,25.5198,90.2201,IN,1651674471
451,plettenberg bay,67.01,81,83,4.63,-34.0527,23.3716,ZA,1651674471
452,vanimo,79.3,85,100,1.32,-2.6741,141.3028,PG,1651674472
453,saint-louis,99.57,14,41,4.54,16.3333,-15,SN,1651674472
454,rafai,88.79,45,91,4.61,4.95,23.9167,CF,1651674473
455,merrill,47.62,64,0,1.99,45.1805,-89.6835,US,1651674473
456,denpasar,83.86,88,20,6.91,-8.65,115.2167,ID,1651674474
457,varna,62.74,45,0,11.5,43.2167,27.9167,BG,1651674474
458,arteaga,71.73,38,99,1.99,18.4667,-102.4167,MX,1651674475
459,kuytun,36.43,69,78,12.21,54.3419,101.5036,RU,1651674475
460,araouane,104.04,7,53,6.08,18.9048,-3.5265,ML,1651674475
461,nova olinda do norte,84.29,73,78,2.21,-3.8881,-59.0942,BR,1651674476
462,sartell,47.32,63,0,3.44,45.6216,-94.2069,US,1651674476
463,general pico,61.74,38,7,9.51,-35.6566,-63.7568,AR,1651674477
464,coihaique,47.01,93,75,6.91,-45.5752,-72.0662,CL,1651674296
465,jalu,83.34,18,3,9.73,29.0331,21.5482,LY,1651674477
466,villa carlos paz,65.39,31,2,1.99,-31.4241,-64.4978,AR,1651674478
467,venezuela,87.87,52,81,17.16,8,-66,VE,1651674478
468,marrakesh,75.27,35,40,4.61,31.6315,-8.0083,MA,1651674479
469,kailua,72.14,93,56,1.99,21.4022,-157.7394,US,1651674479
470,san jeronimo,53.06,69,45,2.53,-11.9472,-75.2829,PE,1651674480
471,san quintin,56.46,81,19,4.14,30.4833,-115.95,MX,1651674480
472,vestmanna,43.72,93,75,18.41,62.1564,-7.1664,FO,1651674481
473,college,34.59,80,75,5.75,64.8569,-147.8028,US,1651673853
474,xixiang,70.9,40,0,1.54,35.1628,112.865,CN,1651674481
475,dwarka,83.71,84,0,13.6,22.2394,68.9678,IN,1651674482
476,yumen,75.45,6,32,8.3,40.2833,97.2,CN,1651674482
477,lodja,87.76,51,100,2.55,-3.4833,23.4333,CD,1651674483
478,mabaruma,79.65,87,100,3.4,8.2,-59.7833,GY,1651674483
479,port hardy,46.4,81,100,10.36,50.6996,-127.4199,CA,1651674484
480,aliganj,97.7,21,41,7.16,27.5,79.1833,IN,1651674484
481,innisfail,71.4,93,16,4.05,-17.5333,146.0333,AU,1651674485
482,kismayo,81.3,80,100,14.47,-0.3582,42.5454,SO,1651674485
483,khowst,70.45,45,9,5.12,33.3833,69.8833,AF,1651674486
484,centenario do sul,59.85,66,80,12.41,-22.8211,-51.5953,BR,1651674486
485,sulangan,83.62,77,75,13.82,11.1373,123.7228,PH,1651674487
486,george town,85.95,79,20,3.44,5.4112,100.3354,MY,1651674481
487,kulevcha,63.54,47,100,4.85,46.0303,29.9361,UA,1651674487
488,tahe,42.22,91,100,3.8,52.3333,124.7333,CN,1651674488
489,kalivai,69.42,64,40,4.61,35.4512,24.1735,GR,1651674488
490,cartagena,89.22,66,31,5.75,10.3997,-75.5144,CO,1651674192
491,vila franca do campo,64.81,64,96,5.06,37.7167,-25.4333,PT,1651673915
492,warrnambool,46.81,72,16,11.59,-38.3833,142.4833,AU,1651674489
493,bairiki,78.8,89,20,5.75,1.3292,172.9752,KI,1651674489
494,gwadar,84,63,0,15.55,25.1216,62.3254,PK,1651674490
495,sur,86.36,51,0,5.37,22.5667,59.5289,OM,1651673898
496,antsohihy,84.04,55,45,13,-14.8796,47.9875,MG,1651674490
497,saposoa,76.01,80,95,1.1,-6.934,-76.7716,PE,1651674491
498,broome,54.46,88,100,5.01,42.2506,-75.833,US,1651674491
499,lalibela,75.51,25,71,15.05,12.0333,39.0333,ET,1651674492
500,pisco,66.25,82,55,2.3,-13.7,-76.2167,PE,1651674492
501,umm kaddadah,105.06,13,5,13.13,13.6017,26.6876,SD,1651673927
502,palana,28.47,86,100,7.36,59.1167,159.9667,RU,1651674493
503,yekimovichi,46.49,38,100,13,54.1129,33.2965,RU,1651674493
504,poronaysk,33.26,89,20,1.88,49.2167,143.1167,RU,1651674494
505,laguna,60.96,74,0,4.61,38.421,-121.4238,US,1651674494
506,mandalgovi,55.62,44,100,15.99,45.7625,106.2708,MN,1651674495
507,mount isa,71.37,30,0,6.91,-20.7333,139.5,AU,1651674495
508,poli,65.98,72,93,5.03,-3.3333,36.8,TZ,1651674496
509,bartica,82.72,86,89,3.42,6.4,-58.6167,GY,1651673928
510,kulhudhuffushi,86.07,69,100,15.08,6.6221,73.07,MV,1651674496
511,dzhebariki-khaya,31.51,93,100,2.13,62.2167,135.8,RU,1651674497
512,korhogo,99.23,29,82,3.09,9.45,-5.6333,CI,1651674497
513,bunia,79.75,51,100,9.73,1.5667,30.25,CD,1651674498
514,whitecourt,42.04,87,75,2.3,54.1502,-115.6855,CA,1651674283
515,effingham,76.95,76,100,4.83,32.3669,-81.3332,US,1651674499
516,hamilton,55.94,88,100,11.5,39.1834,-84.5333,US,1651674499
517,deogarh,85.86,38,51,6.22,21.5333,84.7333,IN,1651674499
518,sovetskiy,47.57,79,100,10.47,61.3614,63.5842,RU,1651674500
519,bosaso,87.78,70,0,10.36,11.2842,49.1816,SO,1651674500
520,alyangula,76.87,94,40,0,-13.8483,136.4192,AU,1651674501
521,presidente medici,73.99,76,95,7.4,-11.1753,-61.9014,BR,1651674501
522,namwala,80.44,35,34,6.82,-15.7504,26.4384,ZM,1651674502
523,xiamen,71.65,64,0,4.47,24.4798,118.0819,CN,1651674502
524,san fernando,85.73,68,33,2.53,15.0286,120.6898,PH,1651674503
525,akdepe,77.09,42,98,4.92,42.0551,59.3788,TM,1651674503
526,monrovia,85.12,69,68,6.87,6.3005,-10.7969,LR,1651674327
527,bam,86.22,17,17,13.11,29.106,58.357,IR,1651674504
528,sabang,82.33,73,100,7.54,5.8933,95.3214,ID,1651674504
529,huron,49.91,95,100,10.96,41.1501,-82.5499,US,1651674505
530,mackenzie,41.22,81,100,11.5,55.2999,-123.1698,CA,1651674505
531,dosso,107.33,8,100,4.09,13.049,3.1937,NE,1651674506
532,zhigansk,16.47,91,95,8.72,66.7697,123.3711,RU,1651674506
533,turayf,82.65,24,0,18.41,31.6725,38.6637,SA,1651674507
534,panguna,69.58,96,84,3.22,-6.3164,155.4848,PG,1651674507
535,rantepao,68.61,99,100,1.97,-2.9701,119.8978,ID,1651674508
536,dhidhdhoo,86.14,68,99,15.23,6.8833,73.1,MV,1651674508
537,lucea,85.86,69,5,10.4,18.451,-78.1736,JM,1651674509
538,manta,76.78,83,75,9.22,-0.95,-80.7333,EC,1651674509
539,mugumu,62.92,96,100,1.7,-1.85,34.7,TZ,1651674326
540,jumla,56.44,82,41,5.14,29.2747,82.1838,NP,1651674510
541,gimli,35.62,93,100,9.22,50.6336,-96.9907,CA,1651674510
542,uyovu,73.51,72,99,4.45,-3.2833,31.5258,TZ,1651674511
543,kuah,82.38,83,20,3.44,6.3265,99.8432,MY,1651674511
544,yinchuan,79.34,7,4,4.12,38.4681,106.2731,CN,1651674512
545,saint-joseph,71.98,82,27,15.48,-21.3667,55.6167,RE,1651674512
546,kitimat,39.58,28,100,1.72,54.0524,-128.6534,CA,1651674319
547,totness,79.34,87,100,5.01,5.8833,-56.3167,SR,1651674513
548,ilhabela,77.32,73,100,4.09,-23.7781,-45.3581,BR,1651674386
549,nathdwara,92.39,15,0,11.5,24.9333,73.8167,IN,1651674513
550,satis,50.54,64,74,8.99,54.9229,43.2298,RU,1651674514
551,kralendijk,85.98,66,40,21.85,12.15,-68.2667,BQ,1651674514
552,fastovetskaya,63.77,63,100,2.44,45.9189,40.1589,RU,1651674515
553,diffa,108.1,12,32,8.12,13.3154,12.6113,NE,1651674515
554,severodvinsk,35.71,65,9,10.83,64.5635,39.8302,RU,1651674516
555,belaya gora,27.66,93,100,1.97,68.5333,146.4167,RU,1651673930
556,bilibino,24.19,98,100,0.63,68.0546,166.4372,RU,1651674516
557,te anau,47.84,92,10,1.1,-45.4167,167.7167,NZ,1651674517
558,kamenka,62.76,44,5,13.2,51.3223,42.7678,RU,1651674517
559,quirinopolis,64.29,84,100,9.08,-18.4483,-50.4517,BR,1651674395
560,fort nelson,38.79,65,75,5.75,58.8053,-122.7002,CA,1651674518
561,luxor,93.25,18,5,10.36,25.6989,32.6421,EG,1651674518
562,manaus,77.49,94,75,4.61,-3.1019,-60.025,BR,1651674313
563,kodinsk,28.76,89,39,4.76,58.6881,99.1844,RU,1651674519
564,las matas de farfan,82.02,54,4,5.77,18.8731,-71.5166,DO,1651674519
565,souris,48.74,66,92,9.69,49.6172,-100.2612,CA,1651674519
566,la ronge,30.45,93,100,9.22,55.1001,-105.2842,CA,1651674520
567,juneau,42.22,95,75,13.8,58.3019,-134.4197,US,1651674221
568,tiznit,67.48,40,0,13.06,29.5833,-9.5,MA,1651674520
569,albanel,44.74,70,85,14.97,48.8832,-72.4487,CA,1651674521
570,los llanos de aridane,65.95,72,75,10.36,28.6585,-17.9182,ES,1651673933
571,seguin,78.1,88,100,13.8,29.5688,-97.9647,US,1651674226
572,sexsmith,43.95,76,75,5.75,55.35,-118.786,CA,1651674283
573,goulburn,52.05,96,89,5.28,-34.75,149.7167,AU,1651674522
574,zhaoqing,72.45,67,92,1.83,23.0512,112.4597,CN,1651674522
575,llanes,58.03,82,51,5.01,43.4198,-4.7549,ES,1651674523
576,ayagoz,55.62,29,100,11.65,47.9714,80.4392,KZ,1651674523
577,port-cartier,38.75,99,100,4.74,50.0334,-66.8654,CA,1651674524
578,tuapse,57.76,69,100,7,44.1125,39.0742,RU,1651674524
579,imbituba,67.86,95,100,15.61,-28.24,-48.6703,BR,1651674270
580,manuk mangkaw,84.69,72,88,5.97,4.8,119.85,PH,1651674525
581,basarabeasca,65.35,45,99,9.6,46.3311,28.9728,MD,1651674525
582,sechura,70.66,70,29,10.76,-5.5569,-80.8222,PE,1651674525
583,concarneau,65.19,68,80,10.89,47.875,-3.9225,FR,1651674526
584,mogadishu,84.07,74,20,11.5,2.0371,45.3438,SO,1651674480
585,belyy yar,42.85,40,0,4.47,53.6039,91.3903,RU,1651674526
586,port hawkesbury,57.9,66,0,6.91,45.6169,-61.3485,CA,1651674527
587,arroio do meio,67.87,100,100,5.79,-29.4011,-51.945,BR,1651674527
588,lompoc,48.94,89,0,6.91,34.6391,-120.4579,US,1651674528
589,lebrija,73.09,64,75,9.22,36.9208,-6.0753,ES,1651674528
